Daily update: Mon Oct 27 09:31:36 UTC 2025
Daily update: Tue Oct 28 08:37:42 UTC 2025
Daily update: Wed Oct 29 08:38:51 UTC 2025
Daily update: Thu Oct 30 08:37:09 UTC 2025
Daily update: Fri Oct 31 08:36:13 UTC 2025
Daily update: Sat Nov  1 08:32:33 UTC 2025
Daily update: Sun Nov  2 08:31:34 UTC 2025
Daily update: Mon Nov  3 08:39:44 UTC 2025
Daily update: Tue Nov  4 08:39:01 UTC 2025
Daily update: Wed Nov  5 08:39:01 UTC 2025
Daily update: Thu Nov  6 08:38:13 UTC 2025
Daily update: Fri Nov  7 08:38:07 UTC 2025
Daily update: Sat Nov  8 08:33:27 UTC 2025
Daily update: Sun Nov  9 08:31:52 UTC 2025
Daily update: Mon Nov 10 08:39:34 UTC 2025
Daily update: Tue Nov 11 08:37:39 UTC 2025
